laundering_schema_type,laundering_schema_id,min,max,date_range_days
laundering_schema_1,laundering_schema_1_id0,2025-03-18,2025-04-10,23
laundering_schema_1,laundering_schema_1_id100,2025-06-13,2025-07-26,43
laundering_schema_1,laundering_schema_1_id101,2025-03-18,2025-03-21,3
laundering_schema_1,laundering_schema_1_id102,2025-05-30,2025-06-23,24
laundering_schema_1,laundering_schema_1_id103,2025-02-25,2025-03-22,25
laundering_schema_1,laundering_schema_1_id104,2025-01-11,2025-02-24,44
laundering_schema_1,laundering_schema_1_id105,2025-08-25,2025-09-16,22
laundering_schema_1,laundering_schema_1_id106,2025-06-27,2025-07-01,4
laundering_schema_1,laundering_schema_1_id107,2025-08-10,2025-09-24,45
laundering_schema_1,laundering_schema_1_id108,2025-08-02,2025-08-27,25
laundering_schema_1,laundering_schema_1_id110,2025-06-22,2025-08-04,43
laundering_schema_1,laundering_schema_1_id111,2025-02-14,2025-03-26,40
laundering_schema_1,laundering_schema_1_id113,2025-01-25,2025-02-20,26
laundering_schema_1,laundering_schema_1_id114,2025-04-21,2025-06-05,45
laundering_schema_1,laundering_schema_1_id115,2025-05-27,2025-05-31,4
laundering_schema_1,laundering_schema_1_id116,2025-07-06,2025-08-15,40
laundering_schema_1,laundering_schema_1_id117,2025-03-10,2025-04-02,23
laundering_schema_1,laundering_schema_1_id118,2025-02-02,2025-02-05,3
laundering_schema_1,laundering_schema_1_id119,2025-03-26,2025-04-20,25
laundering_schema_1,laundering_schema_1_id120,2025-03-12,2025-03-16,4
laundering_schema_1,laundering_schema_1_id122,2025-07-09,2025-08-19,41
laundering_schema_1,laundering_schema_1_id123,2025-06-15,2025-06-15,0
laundering_schema_1,laundering_schema_1_id124,2025-02-15,2025-04-02,46
laundering_schema_1,laundering_schema_1_id125,2025-07-01,2025-08-14,44
laundering_schema_1,laundering_schema_1_id126,2025-04-19,2025-05-31,42
laundering_schema_1,laundering_schema_1_id127,2025-02-16,2025-03-14,26
laundering_schema_1,laundering_schema_1_id128,2025-08-18,2025-09-29,42
laundering_schema_1,laundering_schema_1_id129,2025-07-02,2025-08-18,47
laundering_schema_1,laundering_schema_1_id13,2025-04-29,2025-05-18,19
laundering_schema_1,laundering_schema_1_id130,2025-07-04,2025-07-25,21
laundering_schema_1,laundering_schema_1_id139,2025-02-18,2025-03-24,34
laundering_schema_1,laundering_schema_1_id14,2025-05-30,2025-07-15,46
laundering_schema_1,laundering_schema_1_id140,2025-05-28,2025-07-14,47
laundering_schema_1,laundering_schema_1_id141,2025-09-06,2025-09-25,19
laundering_schema_1,laundering_schema_1_id142,2025-01-05,2025-01-09,4
laundering_schema_1,laundering_schema_1_id143,2025-05-23,2025-06-12,20
laundering_schema_1,laundering_schema_1_id144,2025-01-26,2025-03-09,42
laundering_schema_1,laundering_schema_1_id145,2025-09-29,2025-11-06,38
laundering_schema_1,laundering_schema_1_id146,2025-08-19,2025-09-28,40
laundering_schema_1,laundering_schema_1_id147,2025-08-26,2025-10-06,41
laundering_schema_1,laundering_schema_1_id148,2025-08-18,2025-09-10,23
laundering_schema_1,laundering_schema_1_id149,2025-04-14,2025-05-10,26
laundering_schema_1,laundering_schema_1_id150,2025-03-20,2025-03-24,4
laundering_schema_1,laundering_schema_1_id151,2025-04-04,2025-04-06,2
laundering_schema_1,laundering_schema_1_id152,2025-05-16,2025-06-29,44
laundering_schema_1,laundering_schema_1_id153,2025-05-21,2025-06-16,26
laundering_schema_1,laundering_schema_1_id154,2025-04-12,2025-05-06,24
laundering_schema_1,laundering_schema_1_id156,2025-03-24,2025-03-28,4
laundering_schema_1,laundering_schema_1_id157,2025-04-09,2025-05-22,43
laundering_schema_1,laundering_schema_1_id158,2025-09-05,2025-09-09,4
laundering_schema_1,laundering_schema_1_id160,2025-01-01,2025-01-22,21
laundering_schema_1,laundering_schema_1_id161,2025-02-04,2025-03-14,38
laundering_schema_1,laundering_schema_1_id162,2025-04-28,2025-06-11,44
laundering_schema_1,laundering_schema_1_id163,2025-07-11,2025-07-12,1
laundering_schema_1,laundering_schema_1_id164,2025-01-29,2025-01-31,2
laundering_schema_1,laundering_schema_1_id166,2025-09-06,2025-09-30,24
laundering_schema_1,laundering_schema_1_id167,2025-07-06,2025-07-29,23
laundering_schema_1,laundering_schema_1_id168,2025-06-10,2025-07-27,47
laundering_schema_1,laundering_schema_1_id169,2025-02-19,2025-04-02,42
laundering_schema_1,laundering_schema_1_id17,2025-06-15,2025-06-18,3
laundering_schema_1,laundering_schema_1_id170,2025-04-19,2025-05-07,18
laundering_schema_1,laundering_schema_1_id171,2025-05-26,2025-05-30,4
laundering_schema_1,laundering_schema_1_id172,2025-06-26,2025-07-20,24
laundering_schema_1,laundering_schema_1_id173,2025-01-21,2025-02-10,20
laundering_schema_1,laundering_schema_1_id174,2025-04-24,2025-04-28,4
laundering_schema_1,laundering_schema_1_id175,2025-02-25,2025-02-28,3
laundering_schema_1,laundering_schema_1_id176,2025-07-08,2025-07-12,4
laundering_schema_1,laundering_schema_1_id178,2025-08-22,2025-10-02,41
laundering_schema_1,laundering_schema_1_id179,2025-07-14,2025-07-16,2
laundering_schema_1,laundering_schema_1_id18,2025-01-10,2025-02-05,26
laundering_schema_1,laundering_schema_1_id180,2025-03-27,2025-04-19,23
laundering_schema_1,laundering_schema_1_id181,2025-02-20,2025-03-17,25
laundering_schema_1,laundering_schema_1_id184,2025-08-02,2025-08-25,23
laundering_schema_1,laundering_schema_1_id186,2025-02-20,2025-04-05,44
laundering_schema_1,laundering_schema_1_id187,2025-08-02,2025-08-05,3
laundering_schema_1,laundering_schema_1_id188,2025-07-12,2025-08-24,43
laundering_schema_1,laundering_schema_1_id189,2025-01-11,2025-02-12,32
laundering_schema_1,laundering_schema_1_id19,2025-05-18,2025-07-02,45
laundering_schema_1,laundering_schema_1_id190,2025-03-09,2025-03-31,22
laundering_schema_1,laundering_schema_1_id191,2025-08-01,2025-09-14,44
laundering_schema_1,laundering_schema_1_id192,2025-08-09,2025-08-30,21
laundering_schema_1,laundering_schema_1_id194,2025-01-18,2025-01-22,4
laundering_schema_1,laundering_schema_1_id195,2025-07-10,2025-07-14,4
laundering_schema_1,laundering_schema_1_id196,2025-07-21,2025-08-31,41
laundering_schema_1,laundering_schema_1_id199,2025-02-28,2025-03-21,21
laundering_schema_1,laundering_schema_1_id20,2025-07-31,2025-08-03,3
laundering_schema_1,laundering_schema_1_id21,2025-07-28,2025-09-11,45
laundering_schema_1,laundering_schema_1_id22,2025-07-18,2025-07-22,4
laundering_schema_1,laundering_schema_1_id23,2025-02-08,2025-03-03,23
laundering_schema_1,laundering_schema_1_id25,2025-05-16,2025-06-24,39
laundering_schema_1,laundering_schema_1_id27,2025-04-09,2025-05-05,26
laundering_schema_1,laundering_schema_1_id28,2025-07-07,2025-07-08,1
laundering_schema_1,laundering_schema_1_id30,2025-04-08,2025-04-10,2
laundering_schema_1,laundering_schema_1_id31,2025-02-19,2025-04-05,45
laundering_schema_1,laundering_schema_1_id32,2025-09-25,2025-11-04,40
laundering_schema_1,laundering_schema_1_id34,2025-03-03,2025-04-18,46
laundering_schema_1,laundering_schema_1_id35,2025-07-30,2025-08-03,4
laundering_schema_1,laundering_schema_1_id36,2025-07-17,2025-07-21,4
laundering_schema_1,laundering_schema_1_id37,2025-01-24,2025-01-26,2
laundering_schema_1,laundering_schema_1_id39,2025-06-14,2025-06-17,3
laundering_schema_1,laundering_schema_1_id40,2025-03-12,2025-03-31,19
laundering_schema_1,laundering_schema_1_id42,2025-09-30,2025-11-12,43
laundering_schema_1,laundering_schema_1_id43,2025-01-20,2025-02-10,21
laundering_schema_1,laundering_schema_1_id44,2025-03-09,2025-04-21,43
laundering_schema_1,laundering_schema_1_id47,2025-07-19,2025-08-11,23
laundering_schema_1,laundering_schema_1_id48,2025-07-23,2025-07-23,0
laundering_schema_1,laundering_schema_1_id49,2025-08-22,2025-08-23,1
laundering_schema_1,laundering_schema_1_id5,2025-05-12,2025-05-15,3
laundering_schema_1,laundering_schema_1_id50,2025-07-17,2025-08-10,24
laundering_schema_1,laundering_schema_1_id55,2025-06-20,2025-08-04,45
laundering_schema_1,laundering_schema_1_id57,2025-02-09,2025-03-06,25
laundering_schema_1,laundering_schema_1_id58,2025-02-08,2025-02-28,20
laundering_schema_1,laundering_schema_1_id59,2025-08-30,2025-09-24,25
laundering_schema_1,laundering_schema_1_id6,2025-07-21,2025-07-25,4
laundering_schema_1,laundering_schema_1_id60,2025-07-07,2025-07-10,3
laundering_schema_1,laundering_schema_1_id61,2025-02-11,2025-02-13,2
laundering_schema_1,laundering_schema_1_id62,2025-07-27,2025-08-20,24
laundering_schema_1,laundering_schema_1_id63,2025-03-07,2025-04-17,41
laundering_schema_1,laundering_schema_1_id64,2025-09-24,2025-09-28,4
laundering_schema_1,laundering_schema_1_id65,2025-03-15,2025-04-21,37
laundering_schema_1,laundering_schema_1_id68,2025-01-25,2025-03-10,44
laundering_schema_1,laundering_schema_1_id7,2025-04-07,2025-05-23,46
laundering_schema_1,laundering_schema_1_id70,2025-05-30,2025-05-31,1
laundering_schema_1,laundering_schema_1_id71,2025-05-05,2025-05-28,23
laundering_schema_1,laundering_schema_1_id72,2025-05-30,2025-07-12,43
laundering_schema_1,laundering_schema_1_id73,2025-01-06,2025-02-14,39
laundering_schema_1,laundering_schema_1_id74,2025-06-03,2025-06-26,23
laundering_schema_1,laundering_schema_1_id75,2025-01-02,2025-01-06,4
laundering_schema_1,laundering_schema_1_id76,2025-02-25,2025-04-03,37
laundering_schema_1,laundering_schema_1_id77,2025-07-13,2025-07-16,3
laundering_schema_1,laundering_schema_1_id78,2025-06-13,2025-07-29,46
laundering_schema_1,laundering_schema_1_id80,2025-04-09,2025-05-12,33
laundering_schema_1,laundering_schema_1_id81,2025-03-14,2025-04-30,47
laundering_schema_1,laundering_schema_1_id82,2025-06-13,2025-07-21,38
laundering_schema_1,laundering_schema_1_id83,2025-01-19,2025-02-13,25
laundering_schema_1,laundering_schema_1_id84,2025-02-28,2025-03-04,4
laundering_schema_1,laundering_schema_1_id85,2025-07-13,2025-08-25,43
laundering_schema_1,laundering_schema_1_id86,2025-07-15,2025-08-08,24
laundering_schema_1,laundering_schema_1_id88,2025-06-11,2025-06-14,3
laundering_schema_1,laundering_schema_1_id89,2025-06-10,2025-06-28,18
laundering_schema_1,laundering_schema_1_id9,2025-03-22,2025-03-24,2
laundering_schema_1,laundering_schema_1_id91,2025-02-17,2025-04-03,45
laundering_schema_1,laundering_schema_1_id92,2025-06-23,2025-06-27,4
laundering_schema_1,laundering_schema_1_id93,2025-03-21,2025-04-15,25
laundering_schema_1,laundering_schema_1_id94,2025-07-27,2025-09-07,42
laundering_schema_1,laundering_schema_1_id95,2025-01-14,2025-01-15,1
laundering_schema_1,laundering_schema_1_id96,2025-02-01,2025-02-04,3
laundering_schema_1,laundering_schema_1_id97,2025-05-30,2025-07-01,32
laundering_schema_1,laundering_schema_1_id98,2025-02-26,2025-04-10,43
laundering_schema_1,laundering_schema_1_id99,2025-07-01,2025-07-19,18
laundering_schema_2,laundering_schema_2_id0,2025-04-23,2025-04-30,7
laundering_schema_2,laundering_schema_2_id10,2025-04-29,2025-05-06,7
laundering_schema_2,laundering_schema_2_id100,2025-04-18,2025-04-26,8
laundering_schema_2,laundering_schema_2_id101,2025-08-11,2025-08-19,8
laundering_schema_2,laundering_schema_2_id102,2025-02-24,2025-03-04,8
laundering_schema_2,laundering_schema_2_id103,2025-05-31,2025-06-06,6
laundering_schema_2,laundering_schema_2_id105,2025-04-03,2025-04-09,6
laundering_schema_2,laundering_schema_2_id106,2025-07-04,2025-07-10,6
laundering_schema_2,laundering_schema_2_id107,2025-03-23,2025-03-31,8
laundering_schema_2,laundering_schema_2_id108,2025-02-27,2025-03-05,6
laundering_schema_2,laundering_schema_2_id109,2025-01-17,2025-01-22,5
laundering_schema_2,laundering_schema_2_id11,2025-08-13,2025-08-19,6
laundering_schema_2,laundering_schema_2_id110,2025-05-27,2025-06-01,5
laundering_schema_2,laundering_schema_2_id112,2025-03-08,2025-03-14,6
laundering_schema_2,laundering_schema_2_id113,2025-03-12,2025-03-18,6
laundering_schema_2,laundering_schema_2_id114,2025-06-27,2025-07-02,5
laundering_schema_2,laundering_schema_2_id115,2025-02-26,2025-03-04,6
laundering_schema_2,laundering_schema_2_id117,2025-04-20,2025-04-25,5
laundering_schema_2,laundering_schema_2_id118,2025-06-11,2025-06-18,7
laundering_schema_2,laundering_schema_2_id119,2025-02-23,2025-03-03,8
laundering_schema_2,laundering_schema_2_id12,2025-04-02,2025-04-09,7
laundering_schema_2,laundering_schema_2_id120,2025-07-24,2025-07-27,3
laundering_schema_2,laundering_schema_2_id122,2025-09-24,2025-09-28,4
laundering_schema_2,laundering_schema_2_id123,2025-02-19,2025-02-23,4
laundering_schema_2,laundering_schema_2_id124,2025-06-20,2025-06-24,4
laundering_schema_2,laundering_schema_2_id125,2025-01-16,2025-01-24,8
laundering_schema_2,laundering_schema_2_id126,2025-03-01,2025-03-08,7
laundering_schema_2,laundering_schema_2_id127,2025-05-25,2025-05-30,5
laundering_schema_2,laundering_schema_2_id128,2025-06-20,2025-06-28,8
laundering_schema_2,laundering_schema_2_id129,2025-09-21,2025-09-28,7
laundering_schema_2,laundering_schema_2_id130,2025-06-22,2025-06-29,7
laundering_schema_2,laundering_schema_2_id131,2025-02-09,2025-02-16,7
laundering_schema_2,laundering_schema_2_id132,2025-05-17,2025-05-24,7
laundering_schema_2,laundering_schema_2_id135,2025-03-15,2025-03-22,7
laundering_schema_2,laundering_schema_2_id136,2025-03-06,2025-03-14,8
laundering_schema_2,laundering_schema_2_id137,2025-05-02,2025-05-10,8
laundering_schema_2,laundering_schema_2_id138,2025-04-21,2025-04-26,5
laundering_schema_2,laundering_schema_2_id139,2025-03-14,2025-03-21,7
laundering_schema_2,laundering_schema_2_id14,2025-07-16,2025-07-22,6
laundering_schema_2,laundering_schema_2_id140,2025-02-08,2025-02-12,4
laundering_schema_2,laundering_schema_2_id141,2025-04-24,2025-05-01,7
laundering_schema_2,laundering_schema_2_id142,2025-05-13,2025-05-19,6
laundering_schema_2,laundering_schema_2_id143,2025-09-04,2025-09-11,7
laundering_schema_2,laundering_schema_2_id144,2025-02-19,2025-02-27,8
laundering_schema_2,laundering_schema_2_id145,2025-03-01,2025-03-08,7
laundering_schema_2,laundering_schema_2_id146,2025-07-31,2025-08-08,8
laundering_schema_2,laundering_schema_2_id147,2025-07-25,2025-08-02,8
laundering_schema_2,laundering_schema_2_id148,2025-01-02,2025-01-10,8
laundering_schema_2,laundering_schema_2_id149,2025-08-03,2025-08-08,5
laundering_schema_2,laundering_schema_2_id150,2025-09-07,2025-09-15,8
laundering_schema_2,laundering_schema_2_id151,2025-02-15,2025-02-18,3
laundering_schema_2,laundering_schema_2_id153,2025-06-08,2025-06-13,5
laundering_schema_2,laundering_schema_2_id154,2025-08-24,2025-08-31,7
laundering_schema_2,laundering_schema_2_id155,2025-03-29,2025-04-06,8
laundering_schema_2,laundering_schema_2_id157,2025-06-20,2025-06-27,7
laundering_schema_2,laundering_schema_2_id158,2025-03-02,2025-03-07,5
laundering_schema_2,laundering_schema_2_id159,2025-07-16,2025-07-23,7
laundering_schema_2,laundering_schema_2_id16,2025-08-09,2025-08-17,8
laundering_schema_2,laundering_schema_2_id162,2025-01-08,2025-01-14,6
laundering_schema_2,laundering_schema_2_id163,2025-03-22,2025-03-29,7
laundering_schema_2,laundering_schema_2_id164,2025-04-09,2025-04-16,7
laundering_schema_2,laundering_schema_2_id165,2025-02-06,2025-02-12,6
laundering_schema_2,laundering_schema_2_id168,2025-06-13,2025-06-21,8
laundering_schema_2,laundering_schema_2_id169,2025-06-30,2025-07-06,6
laundering_schema_2,laundering_schema_2_id17,2025-02-23,2025-02-25,2
laundering_schema_2,laundering_schema_2_id171,2025-08-28,2025-09-01,4
laundering_schema_2,laundering_schema_2_id172,2025-02-20,2025-02-23,3
laundering_schema_2,laundering_schema_2_id173,2025-07-21,2025-07-29,8
laundering_schema_2,laundering_schema_2_id177,2025-02-02,2025-02-10,8
laundering_schema_2,laundering_schema_2_id178,2025-01-21,2025-01-29,8
laundering_schema_2,laundering_schema_2_id179,2025-04-05,2025-04-12,7
laundering_schema_2,laundering_schema_2_id182,2025-04-16,2025-04-21,5
laundering_schema_2,laundering_schema_2_id183,2025-05-01,2025-05-09,8
laundering_schema_2,laundering_schema_2_id184,2025-02-26,2025-03-04,6
laundering_schema_2,laundering_schema_2_id186,2025-03-17,2025-03-22,5
laundering_schema_2,laundering_schema_2_id187,2025-01-25,2025-02-02,8
laundering_schema_2,laundering_schema_2_id188,2025-09-22,2025-09-30,8
laundering_schema_2,laundering_schema_2_id189,2025-02-27,2025-03-05,6
laundering_schema_2,laundering_schema_2_id190,2025-08-15,2025-08-19,4
laundering_schema_2,laundering_schema_2_id191,2025-07-28,2025-08-04,7
laundering_schema_2,laundering_schema_2_id192,2025-07-01,2025-07-09,8
laundering_schema_2,laundering_schema_2_id193,2025-01-05,2025-01-10,5
laundering_schema_2,laundering_schema_2_id194,2025-01-29,2025-02-05,7
laundering_schema_2,laundering_schema_2_id195,2025-05-07,2025-05-12,5
laundering_schema_2,laundering_schema_2_id198,2025-04-08,2025-04-15,7
laundering_schema_2,laundering_schema_2_id199,2025-07-03,2025-07-10,7
laundering_schema_2,laundering_schema_2_id20,2025-09-07,2025-09-15,8
laundering_schema_2,laundering_schema_2_id21,2025-07-24,2025-07-31,7
laundering_schema_2,laundering_schema_2_id22,2025-06-05,2025-06-12,7
laundering_schema_2,laundering_schema_2_id25,2025-02-25,2025-03-05,8
laundering_schema_2,laundering_schema_2_id26,2025-09-29,2025-10-06,7
laundering_schema_2,laundering_schema_2_id28,2025-07-25,2025-08-01,7
laundering_schema_2,laundering_schema_2_id29,2025-09-04,2025-09-09,5
laundering_schema_2,laundering_schema_2_id3,2025-07-09,2025-07-13,4
laundering_schema_2,laundering_schema_2_id30,2025-04-01,2025-04-08,7
laundering_schema_2,laundering_schema_2_id32,2025-08-29,2025-09-04,6
laundering_schema_2,laundering_schema_2_id34,2025-01-11,2025-01-18,7
laundering_schema_2,laundering_schema_2_id35,2025-06-20,2025-06-28,8
laundering_schema_2,laundering_schema_2_id38,2025-02-10,2025-02-14,4
laundering_schema_2,laundering_schema_2_id39,2025-09-17,2025-09-24,7
laundering_schema_2,laundering_schema_2_id4,2025-03-04,2025-03-12,8
laundering_schema_2,laundering_schema_2_id40,2025-06-22,2025-06-28,6
laundering_schema_2,laundering_schema_2_id41,2025-05-25,2025-05-30,5
laundering_schema_2,laundering_schema_2_id43,2025-03-27,2025-04-04,8
laundering_schema_2,laundering_schema_2_id45,2025-01-10,2025-01-17,7
laundering_schema_2,laundering_schema_2_id46,2025-09-08,2025-09-12,4
laundering_schema_2,laundering_schema_2_id47,2025-03-15,2025-03-19,4
laundering_schema_2,laundering_schema_2_id48,2025-09-21,2025-09-28,7
laundering_schema_2,laundering_schema_2_id49,2025-06-16,2025-06-23,7
laundering_schema_2,laundering_schema_2_id51,2025-06-04,2025-06-12,8
laundering_schema_2,laundering_schema_2_id52,2025-02-11,2025-02-19,8
laundering_schema_2,laundering_schema_2_id53,2025-04-16,2025-04-24,8
laundering_schema_2,laundering_schema_2_id54,2025-07-14,2025-07-21,7
laundering_schema_2,laundering_schema_2_id55,2025-06-15,2025-06-19,4
laundering_schema_2,laundering_schema_2_id56,2025-04-07,2025-04-12,5
laundering_schema_2,laundering_schema_2_id57,2025-10-16,2025-10-22,6
laundering_schema_2,laundering_schema_2_id58,2025-04-19,2025-04-26,7
laundering_schema_2,laundering_schema_2_id59,2025-09-23,2025-09-28,5
laundering_schema_2,laundering_schema_2_id60,2025-10-07,2025-10-12,5
laundering_schema_2,laundering_schema_2_id62,2025-06-15,2025-06-21,6
laundering_schema_2,laundering_schema_2_id63,2025-01-05,2025-01-12,7
laundering_schema_2,laundering_schema_2_id64,2025-01-22,2025-01-28,6
laundering_schema_2,laundering_schema_2_id65,2025-04-12,2025-04-20,8
laundering_schema_2,laundering_schema_2_id67,2025-01-01,2025-01-06,5
laundering_schema_2,laundering_schema_2_id68,2025-04-15,2025-04-21,6
laundering_schema_2,laundering_schema_2_id7,2025-08-26,2025-09-03,8
laundering_schema_2,laundering_schema_2_id70,2025-09-05,2025-09-13,8
laundering_schema_2,laundering_schema_2_id71,2025-07-25,2025-08-01,7
laundering_schema_2,laundering_schema_2_id72,2025-06-05,2025-06-11,6
laundering_schema_2,laundering_schema_2_id74,2025-02-11,2025-02-17,6
laundering_schema_2,laundering_schema_2_id75,2025-05-08,2025-05-15,7
laundering_schema_2,laundering_schema_2_id76,2025-08-07,2025-08-15,8
laundering_schema_2,laundering_schema_2_id77,2025-05-31,2025-06-08,8
laundering_schema_2,laundering_schema_2_id79,2025-01-09,2025-01-15,6
laundering_schema_2,laundering_schema_2_id80,2025-03-20,2025-03-27,7
laundering_schema_2,laundering_schema_2_id81,2025-05-18,2025-05-24,6
laundering_schema_2,laundering_schema_2_id82,2025-03-07,2025-03-15,8
laundering_schema_2,laundering_schema_2_id84,2025-04-01,2025-04-08,7
laundering_schema_2,laundering_schema_2_id85,2025-05-06,2025-05-14,8
laundering_schema_2,laundering_schema_2_id86,2025-08-09,2025-08-14,5
laundering_schema_2,laundering_schema_2_id87,2025-09-09,2025-09-16,7
laundering_schema_2,laundering_schema_2_id88,2025-02-13,2025-02-20,7
laundering_schema_2,laundering_schema_2_id89,2025-07-27,2025-08-03,7
laundering_schema_2,laundering_schema_2_id9,2025-05-30,2025-06-07,8
laundering_schema_2,laundering_schema_2_id90,2025-07-30,2025-08-07,8
laundering_schema_2,laundering_schema_2_id92,2025-09-03,2025-09-11,8
laundering_schema_2,laundering_schema_2_id93,2025-08-13,2025-08-19,6
laundering_schema_2,laundering_schema_2_id95,2025-07-29,2025-08-04,6
laundering_schema_2,laundering_schema_2_id96,2025-06-24,2025-07-02,8
laundering_schema_2,laundering_schema_2_id98,2025-08-05,2025-08-11,6
laundering_schema_3,laundering_schema_3_id0,2025-05-26,2025-06-16,21
laundering_schema_3,laundering_schema_3_id10,2025-01-06,2025-01-27,21
laundering_schema_3,laundering_schema_3_id100,2025-03-24,2025-04-14,21
laundering_schema_3,laundering_schema_3_id101,2025-02-13,2025-03-06,21
laundering_schema_3,laundering_schema_3_id102,2025-09-20,2025-10-08,18
laundering_schema_3,laundering_schema_3_id104,2025-03-06,2025-03-27,21
laundering_schema_3,laundering_schema_3_id105,2025-08-17,2025-09-07,21
laundering_schema_3,laundering_schema_3_id106,2025-02-15,2025-03-08,21
laundering_schema_3,laundering_schema_3_id107,2025-04-27,2025-05-14,17
laundering_schema_3,laundering_schema_3_id108,2025-09-03,2025-09-24,21
laundering_schema_3,laundering_schema_3_id109,2025-02-11,2025-03-03,20
laundering_schema_3,laundering_schema_3_id11,2025-08-19,2025-09-07,19
laundering_schema_3,laundering_schema_3_id110,2025-05-31,2025-06-19,19
laundering_schema_3,laundering_schema_3_id111,2025-05-05,2025-05-23,18
laundering_schema_3,laundering_schema_3_id112,2025-06-02,2025-06-19,17
laundering_schema_3,laundering_schema_3_id115,2025-03-14,2025-03-30,16
laundering_schema_3,laundering_schema_3_id116,2025-07-14,2025-08-02,19
laundering_schema_3,laundering_schema_3_id117,2025-08-30,2025-09-18,19
laundering_schema_3,laundering_schema_3_id118,2025-02-12,2025-03-04,20
laundering_schema_3,laundering_schema_3_id12,2025-04-05,2025-04-24,19
laundering_schema_3,laundering_schema_3_id121,2025-08-24,2025-09-09,16
laundering_schema_3,laundering_schema_3_id124,2025-08-04,2025-08-24,20
laundering_schema_3,laundering_schema_3_id125,2025-05-11,2025-06-01,21
laundering_schema_3,laundering_schema_3_id126,2025-09-28,2025-10-17,19
laundering_schema_3,laundering_schema_3_id127,2025-05-31,2025-06-19,19
laundering_schema_3,laundering_schema_3_id128,2025-07-12,2025-08-01,20
laundering_schema_3,laundering_schema_3_id129,2025-04-10,2025-04-30,20
laundering_schema_3,laundering_schema_3_id130,2025-03-22,2025-04-09,18
laundering_schema_3,laundering_schema_3_id131,2025-01-02,2025-01-23,21
laundering_schema_3,laundering_schema_3_id133,2025-06-04,2025-06-21,17
laundering_schema_3,laundering_schema_3_id134,2025-03-11,2025-04-01,21
laundering_schema_3,laundering_schema_3_id135,2025-04-10,2025-05-01,21
laundering_schema_3,laundering_schema_3_id136,2025-07-31,2025-08-19,19
laundering_schema_3,laundering_schema_3_id138,2025-06-18,2025-07-08,20
laundering_schema_3,laundering_schema_3_id140,2025-09-11,2025-09-30,19
laundering_schema_3,laundering_schema_3_id141,2025-04-05,2025-04-26,21
laundering_schema_3,laundering_schema_3_id142,2025-08-04,2025-08-23,19
laundering_schema_3,laundering_schema_3_id143,2025-06-06,2025-06-27,21
laundering_schema_3,laundering_schema_3_id145,2025-08-06,2025-08-26,20
laundering_schema_3,laundering_schema_3_id147,2025-06-11,2025-07-01,20
laundering_schema_3,laundering_schema_3_id149,2025-03-12,2025-04-01,20
laundering_schema_3,laundering_schema_3_id15,2025-01-13,2025-02-01,19
laundering_schema_3,laundering_schema_3_id150,2025-05-23,2025-06-13,21
laundering_schema_3,laundering_schema_3_id151,2025-01-27,2025-02-14,18
laundering_schema_3,laundering_schema_3_id152,2025-01-22,2025-02-09,18
laundering_schema_3,laundering_schema_3_id153,2025-07-23,2025-08-12,20
laundering_schema_3,laundering_schema_3_id154,2025-09-23,2025-10-14,21
laundering_schema_3,laundering_schema_3_id155,2025-07-22,2025-08-11,20
laundering_schema_3,laundering_schema_3_id156,2025-05-24,2025-06-12,19
laundering_schema_3,laundering_schema_3_id157,2025-05-03,2025-05-23,20
laundering_schema_3,laundering_schema_3_id16,2025-04-12,2025-05-02,20
laundering_schema_3,laundering_schema_3_id160,2025-05-25,2025-06-12,18
laundering_schema_3,laundering_schema_3_id163,2025-05-26,2025-06-14,19
laundering_schema_3,laundering_schema_3_id164,2025-01-27,2025-02-16,20
laundering_schema_3,laundering_schema_3_id165,2025-04-24,2025-05-15,21
laundering_schema_3,laundering_schema_3_id167,2025-01-29,2025-02-19,21
laundering_schema_3,laundering_schema_3_id169,2025-04-15,2025-05-04,19
laundering_schema_3,laundering_schema_3_id17,2025-09-03,2025-09-24,21
laundering_schema_3,laundering_schema_3_id170,2025-01-07,2025-01-26,19
laundering_schema_3,laundering_schema_3_id171,2025-09-09,2025-09-30,21
laundering_schema_3,laundering_schema_3_id172,2025-04-01,2025-04-19,18
laundering_schema_3,laundering_schema_3_id173,2025-05-13,2025-06-01,19
laundering_schema_3,laundering_schema_3_id174,2025-03-30,2025-04-19,20
laundering_schema_3,laundering_schema_3_id175,2025-04-29,2025-05-18,19
laundering_schema_3,laundering_schema_3_id176,2025-05-13,2025-06-02,20
laundering_schema_3,laundering_schema_3_id178,2025-06-08,2025-06-28,20
laundering_schema_3,laundering_schema_3_id179,2025-06-12,2025-07-03,21
laundering_schema_3,laundering_schema_3_id18,2025-01-07,2025-01-26,19
laundering_schema_3,laundering_schema_3_id180,2025-03-16,2025-04-06,21
laundering_schema_3,laundering_schema_3_id181,2025-07-20,2025-08-07,18
laundering_schema_3,laundering_schema_3_id182,2025-04-12,2025-05-03,21
laundering_schema_3,laundering_schema_3_id183,2025-07-10,2025-07-28,18
laundering_schema_3,laundering_schema_3_id184,2025-04-23,2025-05-14,21
laundering_schema_3,laundering_schema_3_id185,2025-08-17,2025-09-03,17
laundering_schema_3,laundering_schema_3_id187,2025-05-15,2025-06-02,18
laundering_schema_3,laundering_schema_3_id189,2025-07-26,2025-08-16,21
laundering_schema_3,laundering_schema_3_id190,2025-09-11,2025-10-01,20
laundering_schema_3,laundering_schema_3_id191,2025-01-15,2025-02-05,21
laundering_schema_3,laundering_schema_3_id192,2025-01-07,2025-01-28,21
laundering_schema_3,laundering_schema_3_id193,2025-06-27,2025-07-17,20
laundering_schema_3,laundering_schema_3_id194,2025-05-28,2025-06-16,19
laundering_schema_3,laundering_schema_3_id196,2025-03-10,2025-03-31,21
laundering_schema_3,laundering_schema_3_id197,2025-07-08,2025-07-29,21
laundering_schema_3,laundering_schema_3_id198,2025-07-12,2025-07-26,14
laundering_schema_3,laundering_schema_3_id199,2025-06-17,2025-07-07,20
laundering_schema_3,laundering_schema_3_id2,2025-01-24,2025-02-13,20
laundering_schema_3,laundering_schema_3_id20,2025-05-17,2025-06-06,20
laundering_schema_3,laundering_schema_3_id21,2025-01-30,2025-02-20,21
laundering_schema_3,laundering_schema_3_id22,2025-03-26,2025-04-15,20
laundering_schema_3,laundering_schema_3_id24,2025-03-09,2025-03-29,20
laundering_schema_3,laundering_schema_3_id25,2025-06-05,2025-06-26,21
laundering_schema_3,laundering_schema_3_id26,2025-01-04,2025-01-24,20
laundering_schema_3,laundering_schema_3_id27,2025-09-14,2025-10-04,20
laundering_schema_3,laundering_schema_3_id28,2025-06-07,2025-06-25,18
laundering_schema_3,laundering_schema_3_id29,2025-07-13,2025-08-01,19
laundering_schema_3,laundering_schema_3_id3,2025-07-24,2025-08-10,17
laundering_schema_3,laundering_schema_3_id31,2025-05-05,2025-05-26,21
laundering_schema_3,laundering_schema_3_id32,2025-01-27,2025-02-15,19
laundering_schema_3,laundering_schema_3_id33,2025-02-06,2025-02-26,20
laundering_schema_3,laundering_schema_3_id34,2025-03-26,2025-04-12,17
laundering_schema_3,laundering_schema_3_id35,2025-05-14,2025-06-01,18
laundering_schema_3,laundering_schema_3_id36,2025-07-01,2025-07-22,21
laundering_schema_3,laundering_schema_3_id37,2025-06-04,2025-06-24,20
laundering_schema_3,laundering_schema_3_id38,2025-07-24,2025-08-11,18
laundering_schema_3,laundering_schema_3_id39,2025-03-03,2025-03-24,21
laundering_schema_3,laundering_schema_3_id44,2025-08-17,2025-09-05,19
laundering_schema_3,laundering_schema_3_id45,2025-01-01,2025-01-21,20
laundering_schema_3,laundering_schema_3_id46,2025-04-07,2025-04-27,20
laundering_schema_3,laundering_schema_3_id47,2025-04-20,2025-05-11,21
laundering_schema_3,laundering_schema_3_id48,2025-02-03,2025-02-23,20
laundering_schema_3,laundering_schema_3_id5,2025-07-30,2025-08-20,21
laundering_schema_3,laundering_schema_3_id50,2025-05-11,2025-06-01,21
laundering_schema_3,laundering_schema_3_id52,2025-06-16,2025-07-07,21
laundering_schema_3,laundering_schema_3_id53,2025-05-16,2025-06-05,20
laundering_schema_3,laundering_schema_3_id54,2025-02-26,2025-03-11,13
laundering_schema_3,laundering_schema_3_id55,2025-08-05,2025-08-26,21
laundering_schema_3,laundering_schema_3_id57,2025-04-17,2025-05-08,21
laundering_schema_3,laundering_schema_3_id58,2025-07-26,2025-08-14,19
laundering_schema_3,laundering_schema_3_id59,2025-07-10,2025-07-31,21
laundering_schema_3,laundering_schema_3_id6,2025-01-03,2025-01-20,17
laundering_schema_3,laundering_schema_3_id61,2025-01-27,2025-02-14,18
laundering_schema_3,laundering_schema_3_id62,2025-04-28,2025-05-15,17
laundering_schema_3,laundering_schema_3_id63,2025-03-14,2025-03-31,17
laundering_schema_3,laundering_schema_3_id64,2025-06-21,2025-07-06,15
laundering_schema_3,laundering_schema_3_id66,2025-03-02,2025-03-22,20
laundering_schema_3,laundering_schema_3_id67,2025-02-02,2025-02-11,9
laundering_schema_3,laundering_schema_3_id68,2025-08-31,2025-09-20,20
laundering_schema_3,laundering_schema_3_id7,2025-03-07,2025-03-26,19
laundering_schema_3,laundering_schema_3_id72,2025-04-24,2025-05-06,12
laundering_schema_3,laundering_schema_3_id73,2025-01-07,2025-01-26,19
laundering_schema_3,laundering_schema_3_id74,2025-03-25,2025-04-13,19
laundering_schema_3,laundering_schema_3_id75,2025-07-19,2025-08-09,21
laundering_schema_3,laundering_schema_3_id76,2025-03-19,2025-04-01,13
laundering_schema_3,laundering_schema_3_id79,2025-08-14,2025-09-02,19
laundering_schema_3,laundering_schema_3_id8,2025-07-04,2025-07-22,18
laundering_schema_3,laundering_schema_3_id80,2025-02-06,2025-02-27,21
laundering_schema_3,laundering_schema_3_id82,2025-03-12,2025-04-01,20
laundering_schema_3,laundering_schema_3_id83,2025-07-16,2025-08-02,17
laundering_schema_3,laundering_schema_3_id84,2025-04-04,2025-04-23,19
laundering_schema_3,laundering_schema_3_id87,2025-03-13,2025-03-31,18
laundering_schema_3,laundering_schema_3_id88,2025-04-26,2025-05-11,15
laundering_schema_3,laundering_schema_3_id89,2025-04-17,2025-05-06,19
laundering_schema_3,laundering_schema_3_id90,2025-08-29,2025-09-19,21
laundering_schema_3,laundering_schema_3_id91,2025-07-10,2025-07-28,18
laundering_schema_3,laundering_schema_3_id93,2025-06-15,2025-07-01,16
laundering_schema_3,laundering_schema_3_id94,2025-02-17,2025-03-09,20
laundering_schema_3,laundering_schema_3_id95,2025-07-09,2025-07-29,20
laundering_schema_3,laundering_schema_3_id96,2025-07-30,2025-08-17,18
laundering_schema_3,laundering_schema_3_id97,2025-02-25,2025-03-14,17
laundering_schema_3,laundering_schema_3_id99,2025-04-02,2025-04-23,21
laundering_schema_4,laundering_schema_4_id0,2025-03-01,2025-03-02,1
laundering_schema_4,laundering_schema_4_id1,2025-04-14,2025-04-20,6
laundering_schema_4,laundering_schema_4_id10,2025-04-03,2025-04-06,3
laundering_schema_4,laundering_schema_4_id100,2025-03-22,2025-03-25,3
laundering_schema_4,laundering_schema_4_id101,2025-07-21,2025-07-25,4
laundering_schema_4,laundering_schema_4_id102,2025-01-16,2025-01-22,6
laundering_schema_4,laundering_schema_4_id103,2025-09-06,2025-09-10,4
laundering_schema_4,laundering_schema_4_id104,2025-06-14,2025-06-18,4
laundering_schema_4,laundering_schema_4_id105,2025-01-24,2025-01-30,6
laundering_schema_4,laundering_schema_4_id106,2025-09-30,2025-10-05,5
laundering_schema_4,laundering_schema_4_id107,2025-01-06,2025-01-10,4
laundering_schema_4,laundering_schema_4_id108,2025-07-14,2025-07-21,7
laundering_schema_4,laundering_schema_4_id109,2025-01-05,2025-01-10,5
laundering_schema_4,laundering_schema_4_id11,2025-03-06,2025-03-13,7
laundering_schema_4,laundering_schema_4_id110,2025-03-23,2025-03-24,1
laundering_schema_4,laundering_schema_4_id111,2025-02-03,2025-02-03,0
laundering_schema_4,laundering_schema_4_id112,2025-02-28,2025-03-06,6
laundering_schema_4,laundering_schema_4_id113,2025-07-18,2025-07-20,2
laundering_schema_4,laundering_schema_4_id114,2025-04-20,2025-04-22,2
laundering_schema_4,laundering_schema_4_id115,2025-05-28,2025-06-02,5
laundering_schema_4,laundering_schema_4_id117,2025-08-21,2025-08-24,3
laundering_schema_4,laundering_schema_4_id118,2025-06-24,2025-06-30,6
laundering_schema_4,laundering_schema_4_id119,2025-04-29,2025-05-06,7
laundering_schema_4,laundering_schema_4_id121,2025-07-08,2025-07-13,5
laundering_schema_4,laundering_schema_4_id122,2025-03-23,2025-03-27,4
laundering_schema_4,laundering_schema_4_id123,2025-04-02,2025-04-08,6
laundering_schema_4,laundering_schema_4_id124,2025-07-17,2025-07-21,4
laundering_schema_4,laundering_schema_4_id126,2025-03-25,2025-03-29,4
laundering_schema_4,laundering_schema_4_id127,2025-05-02,2025-05-06,4
laundering_schema_4,laundering_schema_4_id128,2025-08-15,2025-08-20,5
laundering_schema_4,laundering_schema_4_id129,2025-06-17,2025-06-18,1
laundering_schema_4,laundering_schema_4_id13,2025-09-13,2025-09-16,3
laundering_schema_4,laundering_schema_4_id130,2025-03-01,2025-03-07,6
laundering_schema_4,laundering_schema_4_id131,2025-08-27,2025-08-31,4
laundering_schema_4,laundering_schema_4_id133,2025-05-30,2025-06-06,7
laundering_schema_4,laundering_schema_4_id135,2025-07-05,2025-07-10,5
laundering_schema_4,laundering_schema_4_id136,2025-09-16,2025-09-23,7
laundering_schema_4,laundering_schema_4_id137,2025-09-12,2025-09-13,1
laundering_schema_4,laundering_schema_4_id138,2025-09-26,2025-10-03,7
laundering_schema_4,laundering_schema_4_id139,2025-07-04,2025-07-08,4
laundering_schema_4,laundering_schema_4_id14,2025-08-27,2025-09-02,6
laundering_schema_4,laundering_schema_4_id140,2025-03-18,2025-03-21,3
laundering_schema_4,laundering_schema_4_id142,2025-09-19,2025-09-25,6
laundering_schema_4,laundering_schema_4_id143,2025-03-16,2025-03-23,7
laundering_schema_4,laundering_schema_4_id144,2025-08-28,2025-08-30,2
laundering_schema_4,laundering_schema_4_id145,2025-06-27,2025-07-01,4
laundering_schema_4,laundering_schema_4_id146,2025-06-19,2025-06-24,5
laundering_schema_4,laundering_schema_4_id148,2025-06-15,2025-06-20,5
laundering_schema_4,laundering_schema_4_id149,2025-04-06,2025-04-08,2
laundering_schema_4,laundering_schema_4_id153,2025-05-30,2025-06-04,5
laundering_schema_4,laundering_schema_4_id154,2025-08-26,2025-08-30,4
laundering_schema_4,laundering_schema_4_id155,2025-01-10,2025-01-15,5
laundering_schema_4,laundering_schema_4_id156,2025-04-23,2025-04-25,2
laundering_schema_4,laundering_schema_4_id157,2025-04-30,2025-05-06,6
laundering_schema_4,laundering_schema_4_id158,2025-03-10,2025-03-14,4
laundering_schema_4,laundering_schema_4_id159,2025-05-11,2025-05-17,6
laundering_schema_4,laundering_schema_4_id161,2025-07-03,2025-07-06,3
laundering_schema_4,laundering_schema_4_id162,2025-04-25,2025-04-30,5
laundering_schema_4,laundering_schema_4_id163,2025-07-07,2025-07-13,6
laundering_schema_4,laundering_schema_4_id164,2025-07-13,2025-07-20,7
laundering_schema_4,laundering_schema_4_id166,2025-03-22,2025-03-27,5
laundering_schema_4,laundering_schema_4_id168,2025-01-07,2025-01-09,2
laundering_schema_4,laundering_schema_4_id169,2025-01-27,2025-02-01,5
laundering_schema_4,laundering_schema_4_id17,2025-04-16,2025-04-18,2
laundering_schema_4,laundering_schema_4_id170,2025-07-15,2025-07-20,5
laundering_schema_4,laundering_schema_4_id171,2025-01-17,2025-01-20,3
laundering_schema_4,laundering_schema_4_id172,2025-02-19,2025-02-23,4
laundering_schema_4,laundering_schema_4_id176,2025-08-12,2025-08-15,3
laundering_schema_4,laundering_schema_4_id177,2025-08-30,2025-09-02,3
laundering_schema_4,laundering_schema_4_id178,2025-03-08,2025-03-13,5
laundering_schema_4,laundering_schema_4_id179,2025-07-21,2025-07-27,6
laundering_schema_4,laundering_schema_4_id18,2025-06-08,2025-06-14,6
laundering_schema_4,laundering_schema_4_id180,2025-06-26,2025-07-01,5
laundering_schema_4,laundering_schema_4_id182,2025-01-31,2025-02-06,6
laundering_schema_4,laundering_schema_4_id186,2025-03-08,2025-03-12,4
laundering_schema_4,laundering_schema_4_id187,2025-03-28,2025-04-03,6
laundering_schema_4,laundering_schema_4_id188,2025-02-11,2025-02-17,6
laundering_schema_4,laundering_schema_4_id189,2025-01-31,2025-02-03,3
laundering_schema_4,laundering_schema_4_id19,2025-03-23,2025-03-29,6
laundering_schema_4,laundering_schema_4_id190,2025-02-19,2025-02-26,7
laundering_schema_4,laundering_schema_4_id191,2025-01-17,2025-01-22,5
laundering_schema_4,laundering_schema_4_id192,2025-08-12,2025-08-17,5
laundering_schema_4,laundering_schema_4_id196,2025-03-19,2025-03-23,4
laundering_schema_4,laundering_schema_4_id197,2025-05-19,2025-05-26,7
laundering_schema_4,laundering_schema_4_id198,2025-07-27,2025-08-02,6
laundering_schema_4,laundering_schema_4_id199,2025-05-28,2025-06-03,6
laundering_schema_4,laundering_schema_4_id2,2025-05-30,2025-06-02,3
laundering_schema_4,laundering_schema_4_id20,2025-01-25,2025-01-28,3
laundering_schema_4,laundering_schema_4_id21,2025-02-24,2025-02-27,3
laundering_schema_4,laundering_schema_4_id22,2025-09-16,2025-09-20,4
laundering_schema_4,laundering_schema_4_id23,2025-01-03,2025-01-08,5
laundering_schema_4,laundering_schema_4_id24,2025-08-26,2025-08-30,4
laundering_schema_4,laundering_schema_4_id27,2025-06-19,2025-06-21,2
laundering_schema_4,laundering_schema_4_id29,2025-05-08,2025-05-10,2
laundering_schema_4,laundering_schema_4_id3,2025-08-02,2025-08-04,2
laundering_schema_4,laundering_schema_4_id30,2025-04-20,2025-04-27,7
laundering_schema_4,laundering_schema_4_id32,2025-09-06,2025-09-12,6
laundering_schema_4,laundering_schema_4_id34,2025-07-03,2025-07-07,4
laundering_schema_4,laundering_schema_4_id35,2025-08-13,2025-08-18,5
laundering_schema_4,laundering_schema_4_id36,2025-06-27,2025-07-02,5
laundering_schema_4,laundering_schema_4_id37,2025-03-29,2025-04-04,6
laundering_schema_4,laundering_schema_4_id39,2025-04-04,2025-04-11,7
laundering_schema_4,laundering_schema_4_id4,2025-02-25,2025-02-27,2
laundering_schema_4,laundering_schema_4_id40,2025-07-31,2025-08-07,7
laundering_schema_4,laundering_schema_4_id42,2025-03-26,2025-03-30,4
laundering_schema_4,laundering_schema_4_id43,2025-09-14,2025-09-19,5
laundering_schema_4,laundering_schema_4_id44,2025-09-07,2025-09-13,6
laundering_schema_4,laundering_schema_4_id46,2025-09-16,2025-09-23,7
laundering_schema_4,laundering_schema_4_id47,2025-01-19,2025-01-24,5
laundering_schema_4,laundering_schema_4_id48,2025-03-30,2025-04-04,5
laundering_schema_4,laundering_schema_4_id49,2025-06-07,2025-06-10,3
laundering_schema_4,laundering_schema_4_id5,2025-01-25,2025-01-30,5
laundering_schema_4,laundering_schema_4_id51,2025-01-14,2025-01-18,4
laundering_schema_4,laundering_schema_4_id52,2025-07-24,2025-07-30,6
laundering_schema_4,laundering_schema_4_id53,2025-01-14,2025-01-21,7
laundering_schema_4,laundering_schema_4_id54,2025-06-21,2025-06-26,5
laundering_schema_4,laundering_schema_4_id56,2025-08-30,2025-09-05,6
laundering_schema_4,laundering_schema_4_id58,2025-06-24,2025-06-29,5
laundering_schema_4,laundering_schema_4_id59,2025-01-10,2025-01-17,7
laundering_schema_4,laundering_schema_4_id6,2025-03-01,2025-03-08,7
laundering_schema_4,laundering_schema_4_id61,2025-04-28,2025-05-04,6
laundering_schema_4,laundering_schema_4_id63,2025-01-14,2025-01-19,5
laundering_schema_4,laundering_schema_4_id65,2025-03-10,2025-03-15,5
laundering_schema_4,laundering_schema_4_id66,2025-03-20,2025-03-25,5
laundering_schema_4,laundering_schema_4_id67,2025-08-13,2025-08-18,5
laundering_schema_4,laundering_schema_4_id68,2025-04-30,2025-05-03,3
laundering_schema_4,laundering_schema_4_id69,2025-01-19,2025-01-25,6
laundering_schema_4,laundering_schema_4_id7,2025-09-23,2025-09-29,6
laundering_schema_4,laundering_schema_4_id71,2025-04-26,2025-04-29,3
laundering_schema_4,laundering_schema_4_id72,2025-04-16,2025-04-19,3
laundering_schema_4,laundering_schema_4_id75,2025-08-31,2025-09-05,5
laundering_schema_4,laundering_schema_4_id77,2025-02-20,2025-02-23,3
laundering_schema_4,laundering_schema_4_id78,2025-03-05,2025-03-09,4
laundering_schema_4,laundering_schema_4_id79,2025-03-02,2025-03-04,2
laundering_schema_4,laundering_schema_4_id8,2025-06-26,2025-06-29,3
laundering_schema_4,laundering_schema_4_id80,2025-02-27,2025-03-02,3
laundering_schema_4,laundering_schema_4_id81,2025-09-11,2025-09-18,7
laundering_schema_4,laundering_schema_4_id83,2025-05-10,2025-05-15,5
laundering_schema_4,laundering_schema_4_id84,2025-08-15,2025-08-21,6
laundering_schema_4,laundering_schema_4_id86,2025-05-06,2025-05-12,6
laundering_schema_4,laundering_schema_4_id88,2025-08-11,2025-08-16,5
laundering_schema_4,laundering_schema_4_id89,2025-08-16,2025-08-22,6
laundering_schema_4,laundering_schema_4_id9,2025-03-07,2025-03-13,6
laundering_schema_4,laundering_schema_4_id91,2025-04-16,2025-04-23,7
laundering_schema_4,laundering_schema_4_id94,2025-08-26,2025-08-30,4
laundering_schema_4,laundering_schema_4_id95,2025-04-23,2025-04-27,4
laundering_schema_4,laundering_schema_4_id96,2025-08-10,2025-08-15,5
laundering_schema_4,laundering_schema_4_id97,2025-05-01,2025-05-05,4
laundering_schema_4,laundering_schema_4_id98,2025-05-19,2025-05-23,4
laundering_schema_4,laundering_schema_4_id99,2025-07-22,2025-07-25,3
laundering_schema_5,laundering_schema_5_id0,2025-05-31,2025-08-11,72
laundering_schema_5,laundering_schema_5_id1,2025-04-01,2025-06-19,79
laundering_schema_5,laundering_schema_5_id100,2025-07-12,2025-09-24,74
laundering_schema_5,laundering_schema_5_id101,2025-01-17,2025-04-04,77
laundering_schema_5,laundering_schema_5_id102,2025-04-14,2025-07-02,79
laundering_schema_5,laundering_schema_5_id105,2025-02-08,2025-04-26,77
laundering_schema_5,laundering_schema_5_id106,2025-03-14,2025-05-31,78
laundering_schema_5,laundering_schema_5_id107,2025-01-08,2025-03-27,78
laundering_schema_5,laundering_schema_5_id108,2025-05-17,2025-08-03,78
laundering_schema_5,laundering_schema_5_id109,2025-03-19,2025-06-04,77
laundering_schema_5,laundering_schema_5_id11,2025-06-30,2025-09-11,73
laundering_schema_5,laundering_schema_5_id110,2025-03-04,2025-05-17,74
laundering_schema_5,laundering_schema_5_id111,2025-01-19,2025-04-08,79
laundering_schema_5,laundering_schema_5_id112,2025-07-06,2025-09-19,75
laundering_schema_5,laundering_schema_5_id114,2025-05-15,2025-08-01,78
laundering_schema_5,laundering_schema_5_id115,2025-01-03,2025-03-20,76
laundering_schema_5,laundering_schema_5_id118,2025-03-25,2025-06-08,75
laundering_schema_5,laundering_schema_5_id119,2025-05-21,2025-08-09,80
laundering_schema_5,laundering_schema_5_id121,2025-06-07,2025-08-20,74
laundering_schema_5,laundering_schema_5_id122,2025-07-19,2025-10-01,74
laundering_schema_5,laundering_schema_5_id123,2025-02-04,2025-04-23,78
laundering_schema_5,laundering_schema_5_id124,2025-02-24,2025-05-13,78
laundering_schema_5,laundering_schema_5_id126,2025-06-01,2025-08-15,75
laundering_schema_5,laundering_schema_5_id128,2025-03-25,2025-06-12,79
laundering_schema_5,laundering_schema_5_id13,2025-02-23,2025-05-12,78
laundering_schema_5,laundering_schema_5_id130,2025-06-30,2025-09-18,80
laundering_schema_5,laundering_schema_5_id131,2025-05-03,2025-07-19,77
laundering_schema_5,laundering_schema_5_id132,2025-04-25,2025-07-14,80
laundering_schema_5,laundering_schema_5_id133,2025-07-10,2025-09-26,78
laundering_schema_5,laundering_schema_5_id134,2025-01-29,2025-04-16,77
laundering_schema_5,laundering_schema_5_id136,2025-01-29,2025-04-11,72
laundering_schema_5,laundering_schema_5_id139,2025-06-16,2025-08-31,76
laundering_schema_5,laundering_schema_5_id14,2025-05-10,2025-07-27,78
laundering_schema_5,laundering_schema_5_id140,2025-07-09,2025-09-26,79
laundering_schema_5,laundering_schema_5_id142,2025-01-06,2025-03-24,77
laundering_schema_5,laundering_schema_5_id143,2025-02-21,2025-05-10,78
laundering_schema_5,laundering_schema_5_id145,2025-03-17,2025-06-05,80
laundering_schema_5,laundering_schema_5_id146,2025-07-02,2025-09-17,77
laundering_schema_5,laundering_schema_5_id147,2025-07-26,2025-10-14,80
laundering_schema_5,laundering_schema_5_id149,2025-06-27,2025-09-13,78
laundering_schema_5,laundering_schema_5_id15,2025-05-21,2025-08-06,77
laundering_schema_5,laundering_schema_5_id150,2025-04-03,2025-06-17,75
laundering_schema_5,laundering_schema_5_id151,2025-06-16,2025-09-01,77
laundering_schema_5,laundering_schema_5_id152,2025-05-17,2025-08-02,77
laundering_schema_5,laundering_schema_5_id154,2025-02-10,2025-04-29,78
laundering_schema_5,laundering_schema_5_id155,2025-07-17,2025-10-04,79
laundering_schema_5,laundering_schema_5_id156,2025-04-30,2025-07-16,77
laundering_schema_5,laundering_schema_5_id157,2025-02-25,2025-05-14,78
laundering_schema_5,laundering_schema_5_id158,2025-01-14,2025-04-04,80
laundering_schema_5,laundering_schema_5_id159,2025-01-01,2025-03-22,80
laundering_schema_5,laundering_schema_5_id16,2025-02-09,2025-04-29,79
laundering_schema_5,laundering_schema_5_id160,2025-07-04,2025-09-16,74
laundering_schema_5,laundering_schema_5_id161,2025-05-21,2025-08-08,79
laundering_schema_5,laundering_schema_5_id163,2025-05-09,2025-07-25,77
laundering_schema_5,laundering_schema_5_id164,2025-01-22,2025-04-07,75
laundering_schema_5,laundering_schema_5_id167,2025-03-15,2025-06-01,78
laundering_schema_5,laundering_schema_5_id168,2025-01-01,2025-03-21,79
laundering_schema_5,laundering_schema_5_id169,2025-05-29,2025-08-16,79
laundering_schema_5,laundering_schema_5_id17,2025-05-18,2025-08-04,78
laundering_schema_5,laundering_schema_5_id170,2025-06-10,2025-08-24,75
laundering_schema_5,laundering_schema_5_id171,2025-03-20,2025-06-03,75
laundering_schema_5,laundering_schema_5_id172,2025-07-08,2025-09-21,75
laundering_schema_5,laundering_schema_5_id173,2025-02-26,2025-05-15,78
laundering_schema_5,laundering_schema_5_id174,2025-06-08,2025-08-23,76
laundering_schema_5,laundering_schema_5_id175,2025-05-01,2025-07-15,75
laundering_schema_5,laundering_schema_5_id176,2025-06-15,2025-09-01,78
laundering_schema_5,laundering_schema_5_id18,2025-01-19,2025-04-09,80
laundering_schema_5,laundering_schema_5_id180,2025-04-23,2025-07-08,76
laundering_schema_5,laundering_schema_5_id181,2025-01-07,2025-03-18,70
laundering_schema_5,laundering_schema_5_id183,2025-05-31,2025-08-17,78
laundering_schema_5,laundering_schema_5_id184,2025-02-04,2025-04-22,77
laundering_schema_5,laundering_schema_5_id186,2025-06-09,2025-08-26,78
laundering_schema_5,laundering_schema_5_id187,2025-04-14,2025-06-30,77
laundering_schema_5,laundering_schema_5_id188,2025-06-16,2025-09-02,78
laundering_schema_5,laundering_schema_5_id189,2025-06-27,2025-09-13,78
laundering_schema_5,laundering_schema_5_id19,2025-05-28,2025-08-14,78
laundering_schema_5,laundering_schema_5_id190,2025-06-18,2025-09-05,79
laundering_schema_5,laundering_schema_5_id191,2025-06-15,2025-08-31,77
laundering_schema_5,laundering_schema_5_id194,2025-06-07,2025-08-23,77
laundering_schema_5,laundering_schema_5_id195,2025-02-16,2025-05-05,78
laundering_schema_5,laundering_schema_5_id196,2025-03-14,2025-06-02,80
laundering_schema_5,laundering_schema_5_id197,2025-01-16,2025-04-02,76
laundering_schema_5,laundering_schema_5_id198,2025-02-02,2025-04-23,80
laundering_schema_5,laundering_schema_5_id199,2025-07-22,2025-10-08,78
laundering_schema_5,laundering_schema_5_id2,2025-06-17,2025-09-04,79
laundering_schema_5,laundering_schema_5_id20,2025-01-05,2025-03-22,76
laundering_schema_5,laundering_schema_5_id21,2025-03-09,2025-05-23,75
laundering_schema_5,laundering_schema_5_id23,2025-07-28,2025-10-12,76
laundering_schema_5,laundering_schema_5_id24,2025-02-20,2025-05-08,77
laundering_schema_5,laundering_schema_5_id25,2025-02-10,2025-05-01,80
laundering_schema_5,laundering_schema_5_id26,2025-07-21,2025-10-07,78
laundering_schema_5,laundering_schema_5_id27,2025-03-01,2025-05-19,79
laundering_schema_5,laundering_schema_5_id28,2025-02-10,2025-04-28,77
laundering_schema_5,laundering_schema_5_id29,2025-05-25,2025-08-11,78
laundering_schema_5,laundering_schema_5_id30,2025-06-27,2025-09-11,76
laundering_schema_5,laundering_schema_5_id31,2025-07-20,2025-10-05,77
laundering_schema_5,laundering_schema_5_id32,2025-02-25,2025-05-10,74
laundering_schema_5,laundering_schema_5_id33,2025-06-07,2025-08-23,77
laundering_schema_5,laundering_schema_5_id34,2025-04-14,2025-07-01,78
laundering_schema_5,laundering_schema_5_id35,2025-07-06,2025-09-23,79
laundering_schema_5,laundering_schema_5_id36,2025-07-27,2025-10-09,74
laundering_schema_5,laundering_schema_5_id37,2025-04-12,2025-06-28,77
laundering_schema_5,laundering_schema_5_id4,2025-03-30,2025-06-18,80
laundering_schema_5,laundering_schema_5_id41,2025-01-07,2025-03-25,77
laundering_schema_5,laundering_schema_5_id42,2025-04-07,2025-06-22,76
laundering_schema_5,laundering_schema_5_id45,2025-04-25,2025-07-07,73
laundering_schema_5,laundering_schema_5_id46,2025-02-12,2025-05-01,78
laundering_schema_5,laundering_schema_5_id48,2025-05-14,2025-08-02,80
laundering_schema_5,laundering_schema_5_id49,2025-02-22,2025-05-13,80
laundering_schema_5,laundering_schema_5_id51,2025-07-18,2025-10-04,78
laundering_schema_5,laundering_schema_5_id52,2025-02-25,2025-05-15,79
laundering_schema_5,laundering_schema_5_id53,2025-04-16,2025-07-02,77
laundering_schema_5,laundering_schema_5_id55,2025-03-04,2025-05-21,78
laundering_schema_5,laundering_schema_5_id57,2025-01-19,2025-04-09,80
laundering_schema_5,laundering_schema_5_id58,2025-07-21,2025-10-05,76
laundering_schema_5,laundering_schema_5_id6,2025-01-07,2025-03-23,75
laundering_schema_5,laundering_schema_5_id60,2025-02-18,2025-05-09,80
laundering_schema_5,laundering_schema_5_id61,2025-03-04,2025-05-22,79
laundering_schema_5,laundering_schema_5_id62,2025-04-09,2025-06-26,78
laundering_schema_5,laundering_schema_5_id63,2025-02-03,2025-04-22,78
laundering_schema_5,laundering_schema_5_id64,2025-02-11,2025-04-27,75
laundering_schema_5,laundering_schema_5_id65,2025-01-02,2025-03-20,77
laundering_schema_5,laundering_schema_5_id66,2025-03-30,2025-06-14,76
laundering_schema_5,laundering_schema_5_id67,2025-04-27,2025-07-15,79
laundering_schema_5,laundering_schema_5_id68,2025-07-25,2025-10-12,79
laundering_schema_5,laundering_schema_5_id69,2025-03-31,2025-06-14,75
laundering_schema_5,laundering_schema_5_id7,2025-03-23,2025-06-09,78
laundering_schema_5,laundering_schema_5_id70,2025-07-08,2025-09-20,74
laundering_schema_5,laundering_schema_5_id72,2025-02-02,2025-04-21,78
laundering_schema_5,laundering_schema_5_id75,2025-06-04,2025-08-18,75
laundering_schema_5,laundering_schema_5_id77,2025-07-13,2025-09-30,79
laundering_schema_5,laundering_schema_5_id78,2025-02-27,2025-05-16,78
laundering_schema_5,laundering_schema_5_id79,2025-04-17,2025-07-01,75
laundering_schema_5,laundering_schema_5_id80,2025-01-28,2025-04-12,74
laundering_schema_5,laundering_schema_5_id82,2025-02-02,2025-04-18,75
laundering_schema_5,laundering_schema_5_id83,2025-02-26,2025-05-13,76
laundering_schema_5,laundering_schema_5_id84,2025-02-25,2025-05-15,79
laundering_schema_5,laundering_schema_5_id85,2025-03-29,2025-06-11,74
laundering_schema_5,laundering_schema_5_id87,2025-07-15,2025-09-30,77
laundering_schema_5,laundering_schema_5_id88,2025-05-03,2025-07-20,78
laundering_schema_5,laundering_schema_5_id89,2025-04-16,2025-07-01,76
laundering_schema_5,laundering_schema_5_id9,2025-08-08,2025-10-26,79
laundering_schema_5,laundering_schema_5_id90,2025-04-20,2025-07-07,78
laundering_schema_5,laundering_schema_5_id91,2025-02-21,2025-05-09,77
laundering_schema_5,laundering_schema_5_id93,2025-05-05,2025-07-18,74
laundering_schema_5,laundering_schema_5_id94,2025-08-14,2025-10-31,78
laundering_schema_5,laundering_schema_5_id96,2025-06-16,2025-09-03,79
laundering_schema_5,laundering_schema_5_id97,2025-04-01,2025-06-15,75
laundering_schema_5,laundering_schema_5_id98,2025-05-12,2025-07-25,74
laundering_schema_5,laundering_schema_5_id99,2025-08-22,2025-11-04,74
laundering_schema_6,laundering_schema_6_id0,2025-05-27,2025-08-03,68
laundering_schema_6,laundering_schema_6_id10,2025-06-16,2025-09-24,100
laundering_schema_6,laundering_schema_6_id100,2025-08-03,2025-11-10,99
laundering_schema_6,laundering_schema_6_id101,2025-06-24,2025-10-31,129
laundering_schema_6,laundering_schema_6_id102,2025-07-17,2025-10-18,93
laundering_schema_6,laundering_schema_6_id103,2025-06-27,2025-11-06,132
laundering_schema_6,laundering_schema_6_id105,2025-07-12,2025-08-18,37
laundering_schema_6,laundering_schema_6_id106,2025-07-23,2025-08-30,38
laundering_schema_6,laundering_schema_6_id107,2025-05-08,2025-08-16,100
laundering_schema_6,laundering_schema_6_id11,2025-01-04,2025-03-09,64
laundering_schema_6,laundering_schema_6_id110,2025-08-14,2025-11-23,101
laundering_schema_6,laundering_schema_6_id113,2025-03-12,2025-06-19,99
laundering_schema_6,laundering_schema_6_id116,2025-04-09,2025-07-18,100
laundering_schema_6,laundering_schema_6_id117,2025-05-16,2025-09-23,130
laundering_schema_6,laundering_schema_6_id119,2025-01-13,2025-02-19,37
laundering_schema_6,laundering_schema_6_id12,2025-02-11,2025-04-23,71
laundering_schema_6,laundering_schema_6_id122,2025-08-25,2025-12-04,101
laundering_schema_6,laundering_schema_6_id123,2025-02-27,2025-06-09,102
laundering_schema_6,laundering_schema_6_id124,2025-04-03,2025-05-09,36
laundering_schema_6,laundering_schema_6_id126,2025-07-21,2025-11-28,130
laundering_schema_6,laundering_schema_6_id127,2025-04-14,2025-08-20,128
laundering_schema_6,laundering_schema_6_id128,2025-02-09,2025-06-18,129
laundering_schema_6,laundering_schema_6_id13,2025-05-14,2025-07-18,65
laundering_schema_6,laundering_schema_6_id130,2025-06-05,2025-08-14,70
laundering_schema_6,laundering_schema_6_id132,2025-05-11,2025-09-19,131
laundering_schema_6,laundering_schema_6_id133,2025-03-13,2025-04-18,36
laundering_schema_6,laundering_schema_6_id134,2025-02-12,2025-05-19,96
laundering_schema_6,laundering_schema_6_id135,2025-05-08,2025-06-10,33
laundering_schema_6,laundering_schema_6_id136,2025-01-25,2025-05-06,101
laundering_schema_6,laundering_schema_6_id137,2025-02-05,2025-05-14,98
laundering_schema_6,laundering_schema_6_id139,2025-01-28,2025-03-08,39
laundering_schema_6,laundering_schema_6_id140,2025-02-01,2025-03-08,35
laundering_schema_6,laundering_schema_6_id141,2025-04-01,2025-06-09,69
laundering_schema_6,laundering_schema_6_id142,2025-04-19,2025-06-26,68
laundering_schema_6,laundering_schema_6_id144,2025-05-30,2025-10-09,132
laundering_schema_6,laundering_schema_6_id145,2025-03-15,2025-07-24,131
laundering_schema_6,laundering_schema_6_id146,2025-07-11,2025-10-20,101
laundering_schema_6,laundering_schema_6_id149,2025-04-19,2025-05-22,33
laundering_schema_6,laundering_schema_6_id15,2025-07-20,2025-10-24,96
laundering_schema_6,laundering_schema_6_id151,2025-06-09,2025-09-14,97
laundering_schema_6,laundering_schema_6_id152,2025-06-07,2025-09-14,99
laundering_schema_6,laundering_schema_6_id153,2025-05-21,2025-09-28,130
laundering_schema_6,laundering_schema_6_id154,2025-06-23,2025-09-01,70
laundering_schema_6,laundering_schema_6_id155,2025-02-17,2025-06-26,129
laundering_schema_6,laundering_schema_6_id157,2025-07-15,2025-08-22,38
laundering_schema_6,laundering_schema_6_id158,2025-01-08,2025-03-18,69
laundering_schema_6,laundering_schema_6_id16,2025-03-14,2025-05-24,71
laundering_schema_6,laundering_schema_6_id161,2025-02-02,2025-03-10,36
laundering_schema_6,laundering_schema_6_id162,2025-06-21,2025-07-30,39
laundering_schema_6,laundering_schema_6_id164,2025-07-19,2025-09-27,70
laundering_schema_6,laundering_schema_6_id166,2025-01-28,2025-05-07,99
laundering_schema_6,laundering_schema_6_id167,2025-01-10,2025-05-18,128
laundering_schema_6,laundering_schema_6_id168,2025-03-22,2025-07-31,131
laundering_schema_6,laundering_schema_6_id17,2025-02-18,2025-06-28,130
laundering_schema_6,laundering_schema_6_id170,2025-04-10,2025-07-20,101
laundering_schema_6,laundering_schema_6_id171,2025-01-13,2025-05-24,131
laundering_schema_6,laundering_schema_6_id172,2025-05-21,2025-07-29,69
laundering_schema_6,laundering_schema_6_id173,2025-04-12,2025-05-18,36
laundering_schema_6,laundering_schema_6_id175,2025-03-15,2025-04-24,40
laundering_schema_6,laundering_schema_6_id176,2025-04-01,2025-05-07,36
laundering_schema_6,laundering_schema_6_id177,2025-06-21,2025-10-29,130
laundering_schema_6,laundering_schema_6_id178,2025-02-03,2025-05-15,101
laundering_schema_6,laundering_schema_6_id179,2025-06-22,2025-07-30,38
laundering_schema_6,laundering_schema_6_id18,2025-04-23,2025-09-02,132
laundering_schema_6,laundering_schema_6_id180,2025-06-04,2025-07-14,40
laundering_schema_6,laundering_schema_6_id184,2025-06-28,2025-10-04,98
laundering_schema_6,laundering_schema_6_id185,2025-01-22,2025-04-01,69
laundering_schema_6,laundering_schema_6_id186,2025-02-08,2025-06-19,131
laundering_schema_6,laundering_schema_6_id187,2025-02-25,2025-05-06,70
laundering_schema_6,laundering_schema_6_id188,2025-07-31,2025-09-07,38
laundering_schema_6,laundering_schema_6_id189,2025-02-24,2025-06-03,99
laundering_schema_6,laundering_schema_6_id191,2025-06-19,2025-08-28,70
laundering_schema_6,laundering_schema_6_id193,2025-04-10,2025-05-19,39
laundering_schema_6,laundering_schema_6_id194,2025-07-10,2025-08-13,34
laundering_schema_6,laundering_schema_6_id195,2025-02-24,2025-06-03,99
laundering_schema_6,laundering_schema_6_id197,2025-06-21,2025-07-30,39
laundering_schema_6,laundering_schema_6_id198,2025-02-24,2025-07-04,130
laundering_schema_6,laundering_schema_6_id199,2025-01-28,2025-06-08,131
laundering_schema_6,laundering_schema_6_id21,2025-04-23,2025-07-03,71
laundering_schema_6,laundering_schema_6_id23,2025-06-22,2025-08-29,68
laundering_schema_6,laundering_schema_6_id24,2025-04-04,2025-06-13,70
laundering_schema_6,laundering_schema_6_id26,2025-01-25,2025-04-03,68
laundering_schema_6,laundering_schema_6_id28,2025-04-29,2025-08-06,99
laundering_schema_6,laundering_schema_6_id29,2025-03-29,2025-08-09,133
laundering_schema_6,laundering_schema_6_id30,2025-03-14,2025-07-22,130
laundering_schema_6,laundering_schema_6_id33,2025-05-18,2025-09-26,131
laundering_schema_6,laundering_schema_6_id34,2025-01-22,2025-03-31,68
laundering_schema_6,laundering_schema_6_id35,2025-01-15,2025-04-25,100
laundering_schema_6,laundering_schema_6_id36,2025-05-03,2025-08-13,102
laundering_schema_6,laundering_schema_6_id37,2025-01-02,2025-02-08,37
laundering_schema_6,laundering_schema_6_id38,2025-04-03,2025-08-11,130
laundering_schema_6,laundering_schema_6_id39,2025-07-13,2025-11-21,131
laundering_schema_6,laundering_schema_6_id4,2025-02-08,2025-06-18,130
laundering_schema_6,laundering_schema_6_id40,2025-02-22,2025-05-04,71
laundering_schema_6,laundering_schema_6_id41,2025-07-04,2025-08-11,38
laundering_schema_6,laundering_schema_6_id42,2025-01-18,2025-02-26,39
laundering_schema_6,laundering_schema_6_id43,2025-07-29,2025-11-07,101
laundering_schema_6,laundering_schema_6_id44,2025-03-18,2025-04-27,40
laundering_schema_6,laundering_schema_6_id45,2025-03-24,2025-04-30,37
laundering_schema_6,laundering_schema_6_id46,2025-07-22,2025-08-27,36
laundering_schema_6,laundering_schema_6_id48,2025-01-29,2025-03-04,34
laundering_schema_6,laundering_schema_6_id49,2025-06-25,2025-11-03,131
laundering_schema_6,laundering_schema_6_id5,2025-05-14,2025-07-21,68
laundering_schema_6,laundering_schema_6_id51,2025-02-14,2025-04-22,67
laundering_schema_6,laundering_schema_6_id52,2025-06-13,2025-09-20,99
laundering_schema_6,laundering_schema_6_id53,2025-06-26,2025-09-04,70
laundering_schema_6,laundering_schema_6_id54,2025-05-31,2025-07-09,39
laundering_schema_6,laundering_schema_6_id55,2025-07-19,2025-11-24,128
laundering_schema_6,laundering_schema_6_id56,2025-03-11,2025-07-17,128
laundering_schema_6,laundering_schema_6_id57,2025-02-04,2025-06-14,130
laundering_schema_6,laundering_schema_6_id58,2025-06-20,2025-10-27,129
laundering_schema_6,laundering_schema_6_id6,2025-06-23,2025-07-29,36
laundering_schema_6,laundering_schema_6_id60,2025-03-29,2025-07-07,100
laundering_schema_6,laundering_schema_6_id61,2025-04-10,2025-05-20,40
laundering_schema_6,laundering_schema_6_id63,2025-05-31,2025-07-08,38
laundering_schema_6,laundering_schema_6_id64,2025-08-13,2025-12-22,131
laundering_schema_6,laundering_schema_6_id65,2025-04-15,2025-06-26,72
laundering_schema_6,laundering_schema_6_id66,2025-07-21,2025-11-27,129
laundering_schema_6,laundering_schema_6_id67,2025-07-27,2025-10-05,70
laundering_schema_6,laundering_schema_6_id68,2025-04-27,2025-09-05,131
laundering_schema_6,laundering_schema_6_id69,2025-02-16,2025-06-25,129
laundering_schema_6,laundering_schema_6_id7,2025-02-27,2025-07-05,128
laundering_schema_6,laundering_schema_6_id70,2025-03-20,2025-04-28,39
laundering_schema_6,laundering_schema_6_id71,2025-04-29,2025-08-09,102
laundering_schema_6,laundering_schema_6_id72,2025-07-22,2025-11-28,129
laundering_schema_6,laundering_schema_6_id73,2025-06-06,2025-08-16,71
laundering_schema_6,laundering_schema_6_id74,2025-01-15,2025-05-23,128
laundering_schema_6,laundering_schema_6_id75,2025-07-21,2025-11-29,131
laundering_schema_6,laundering_schema_6_id77,2025-07-27,2025-09-04,39
laundering_schema_6,laundering_schema_6_id78,2025-05-21,2025-08-30,101
laundering_schema_6,laundering_schema_6_id79,2025-01-30,2025-03-11,40
laundering_schema_6,laundering_schema_6_id8,2025-08-26,2025-12-05,101
laundering_schema_6,laundering_schema_6_id80,2025-03-07,2025-05-11,65
laundering_schema_6,laundering_schema_6_id81,2025-05-02,2025-06-10,39
laundering_schema_6,laundering_schema_6_id82,2025-08-15,2025-12-24,131
laundering_schema_6,laundering_schema_6_id83,2025-08-14,2025-12-21,129
laundering_schema_6,laundering_schema_6_id84,2025-06-19,2025-08-29,71
laundering_schema_6,laundering_schema_6_id85,2025-05-15,2025-09-22,130
laundering_schema_6,laundering_schema_6_id86,2025-07-18,2025-08-26,39
laundering_schema_6,laundering_schema_6_id87,2025-06-12,2025-09-14,94
laundering_schema_6,laundering_schema_6_id88,2025-05-21,2025-09-29,131
laundering_schema_6,laundering_schema_6_id89,2025-02-24,2025-06-05,101
laundering_schema_6,laundering_schema_6_id90,2025-06-12,2025-09-17,97
laundering_schema_6,laundering_schema_6_id91,2025-02-19,2025-03-27,36
laundering_schema_6,laundering_schema_6_id92,2025-04-16,2025-06-23,68
laundering_schema_6,laundering_schema_6_id93,2025-08-16,2025-09-19,34
laundering_schema_6,laundering_schema_6_id95,2025-06-18,2025-08-26,69
laundering_schema_6,laundering_schema_6_id96,2025-05-26,2025-07-31,66
laundering_schema_6,laundering_schema_6_id98,2025-04-18,2025-05-23,35
laundering_schema_6,laundering_schema_6_id99,2025-06-28,2025-09-04,68
laundering_schema_7,laundering_schema_7_id0,2025-04-03,2025-07-11,99
laundering_schema_7,laundering_schema_7_id1,2025-07-04,2025-11-13,132
laundering_schema_7,laundering_schema_7_id100,2025-05-27,2025-10-04,130
laundering_schema_7,laundering_schema_7_id101,2025-06-29,2025-08-05,37
laundering_schema_7,laundering_schema_7_id103,2025-06-28,2025-11-06,131
laundering_schema_7,laundering_schema_7_id104,2025-08-15,2025-12-22,129
laundering_schema_7,laundering_schema_7_id105,2025-02-14,2025-05-27,102
laundering_schema_7,laundering_schema_7_id106,2025-01-05,2025-05-18,133
laundering_schema_7,laundering_schema_7_id107,2025-03-07,2025-06-15,100
laundering_schema_7,laundering_schema_7_id109,2025-07-16,2025-07-21,5
laundering_schema_7,laundering_schema_7_id11,2025-07-19,2025-11-28,132
laundering_schema_7,laundering_schema_7_id110,2025-08-06,2025-11-12,98
laundering_schema_7,laundering_schema_7_id111,2025-03-01,2025-07-12,133
laundering_schema_7,laundering_schema_7_id119,2025-05-18,2025-05-23,5
laundering_schema_7,laundering_schema_7_id12,2025-08-23,2025-08-28,5
laundering_schema_7,laundering_schema_7_id121,2025-01-03,2025-05-12,129
laundering_schema_7,laundering_schema_7_id122,2025-07-06,2025-11-16,133
laundering_schema_7,laundering_schema_7_id125,2025-04-27,2025-07-08,72
laundering_schema_7,laundering_schema_7_id126,2025-06-05,2025-07-12,37
laundering_schema_7,laundering_schema_7_id127,2025-02-05,2025-04-18,72
laundering_schema_7,laundering_schema_7_id128,2025-08-09,2025-08-13,4
laundering_schema_7,laundering_schema_7_id129,2025-02-19,2025-02-24,5
laundering_schema_7,laundering_schema_7_id130,2025-03-01,2025-03-06,5
laundering_schema_7,laundering_schema_7_id132,2025-08-05,2025-12-14,131
laundering_schema_7,laundering_schema_7_id133,2025-07-31,2025-10-09,70
laundering_schema_7,laundering_schema_7_id134,2025-01-11,2025-03-24,72
laundering_schema_7,laundering_schema_7_id135,2025-06-13,2025-08-24,72
laundering_schema_7,laundering_schema_7_id137,2025-07-07,2025-08-16,40
laundering_schema_7,laundering_schema_7_id138,2025-07-03,2025-09-11,70
laundering_schema_7,laundering_schema_7_id139,2025-02-06,2025-04-18,71
laundering_schema_7,laundering_schema_7_id14,2025-05-31,2025-09-07,99
laundering_schema_7,laundering_schema_7_id140,2025-06-20,2025-06-25,5
laundering_schema_7,laundering_schema_7_id141,2025-02-08,2025-03-19,39
laundering_schema_7,laundering_schema_7_id142,2025-07-14,2025-09-20,68
laundering_schema_7,laundering_schema_7_id143,2025-04-16,2025-06-23,68
laundering_schema_7,laundering_schema_7_id144,2025-05-01,2025-09-10,132
laundering_schema_7,laundering_schema_7_id146,2025-04-25,2025-07-03,69
laundering_schema_7,laundering_schema_7_id147,2025-07-13,2025-11-18,128
laundering_schema_7,laundering_schema_7_id148,2025-04-20,2025-04-25,5
laundering_schema_7,laundering_schema_7_id149,2025-06-02,2025-10-13,133
laundering_schema_7,laundering_schema_7_id15,2025-06-27,2025-10-06,101
laundering_schema_7,laundering_schema_7_id150,2025-04-07,2025-07-15,99
laundering_schema_7,laundering_schema_7_id151,2025-01-29,2025-06-11,133
laundering_schema_7,laundering_schema_7_id153,2025-01-11,2025-03-22,70
laundering_schema_7,laundering_schema_7_id154,2025-06-16,2025-10-24,130
laundering_schema_7,laundering_schema_7_id155,2025-07-30,2025-12-06,129
laundering_schema_7,laundering_schema_7_id156,2025-04-07,2025-06-16,70
laundering_schema_7,laundering_schema_7_id157,2025-03-09,2025-06-18,101
laundering_schema_7,laundering_schema_7_id159,2025-03-30,2025-07-08,100
laundering_schema_7,laundering_schema_7_id161,2025-04-11,2025-06-20,70
laundering_schema_7,laundering_schema_7_id162,2025-07-02,2025-07-07,5
laundering_schema_7,laundering_schema_7_id163,2025-07-27,2025-12-04,130
laundering_schema_7,laundering_schema_7_id164,2025-04-09,2025-04-14,5
laundering_schema_7,laundering_schema_7_id165,2025-06-29,2025-11-08,132
laundering_schema_7,laundering_schema_7_id166,2025-03-23,2025-06-01,70
laundering_schema_7,laundering_schema_7_id17,2025-01-25,2025-03-02,36
laundering_schema_7,laundering_schema_7_id170,2025-06-12,2025-07-21,39
laundering_schema_7,laundering_schema_7_id171,2025-01-29,2025-04-10,71
laundering_schema_7,laundering_schema_7_id173,2025-01-01,2025-01-05,4
laundering_schema_7,laundering_schema_7_id174,2025-05-23,2025-10-02,132
laundering_schema_7,laundering_schema_7_id175,2025-02-06,2025-03-17,39
laundering_schema_7,laundering_schema_7_id177,2025-01-14,2025-04-23,99
laundering_schema_7,laundering_schema_7_id178,2025-06-06,2025-07-13,37
laundering_schema_7,laundering_schema_7_id179,2025-04-04,2025-07-12,99
laundering_schema_7,laundering_schema_7_id18,2025-01-14,2025-03-26,71
laundering_schema_7,laundering_schema_7_id180,2025-07-04,2025-09-09,67
laundering_schema_7,laundering_schema_7_id181,2025-02-25,2025-03-02,5
laundering_schema_7,laundering_schema_7_id182,2025-08-15,2025-09-24,40
laundering_schema_7,laundering_schema_7_id183,2025-01-21,2025-03-01,39
laundering_schema_7,laundering_schema_7_id184,2025-08-07,2025-10-13,67
laundering_schema_7,laundering_schema_7_id185,2025-01-27,2025-03-05,37
laundering_schema_7,laundering_schema_7_id188,2025-07-12,2025-10-19,99
laundering_schema_7,laundering_schema_7_id19,2025-01-10,2025-04-19,99
laundering_schema_7,laundering_schema_7_id190,2025-06-11,2025-10-17,128
laundering_schema_7,laundering_schema_7_id191,2025-01-02,2025-03-13,70
laundering_schema_7,laundering_schema_7_id192,2025-07-29,2025-10-06,69
laundering_schema_7,laundering_schema_7_id193,2025-04-29,2025-07-10,72
laundering_schema_7,laundering_schema_7_id194,2025-06-25,2025-08-04,40
laundering_schema_7,laundering_schema_7_id195,2025-04-03,2025-05-12,39
laundering_schema_7,laundering_schema_7_id197,2025-01-05,2025-01-10,5
laundering_schema_7,laundering_schema_7_id198,2025-03-01,2025-04-08,38
laundering_schema_7,laundering_schema_7_id199,2025-02-11,2025-02-16,5
laundering_schema_7,laundering_schema_7_id20,2025-02-28,2025-03-05,5
laundering_schema_7,laundering_schema_7_id21,2025-05-10,2025-09-17,130
laundering_schema_7,laundering_schema_7_id22,2025-05-07,2025-08-17,102
laundering_schema_7,laundering_schema_7_id23,2025-07-31,2025-08-05,5
laundering_schema_7,laundering_schema_7_id24,2025-05-19,2025-07-30,72
laundering_schema_7,laundering_schema_7_id25,2025-01-13,2025-05-25,132
laundering_schema_7,laundering_schema_7_id26,2025-04-24,2025-07-31,98
laundering_schema_7,laundering_schema_7_id28,2025-01-25,2025-05-07,102
laundering_schema_7,laundering_schema_7_id29,2025-03-13,2025-04-20,38
laundering_schema_7,laundering_schema_7_id3,2025-06-12,2025-06-17,5
laundering_schema_7,laundering_schema_7_id31,2025-02-24,2025-05-06,71
laundering_schema_7,laundering_schema_7_id32,2025-05-10,2025-07-21,72
laundering_schema_7,laundering_schema_7_id34,2025-01-26,2025-06-08,133
laundering_schema_7,laundering_schema_7_id36,2025-05-20,2025-08-29,101
laundering_schema_7,laundering_schema_7_id37,2025-06-27,2025-11-04,130
laundering_schema_7,laundering_schema_7_id38,2025-07-01,2025-10-09,100
laundering_schema_7,laundering_schema_7_id39,2025-04-10,2025-06-17,68
laundering_schema_7,laundering_schema_7_id4,2025-05-07,2025-05-12,5
laundering_schema_7,laundering_schema_7_id40,2025-03-19,2025-07-28,131
laundering_schema_7,laundering_schema_7_id41,2025-08-31,2025-11-07,68
laundering_schema_7,laundering_schema_7_id42,2025-06-01,2025-07-10,39
laundering_schema_7,laundering_schema_7_id43,2025-05-14,2025-09-21,130
laundering_schema_7,laundering_schema_7_id47,2025-07-29,2025-09-01,34
laundering_schema_7,laundering_schema_7_id48,2025-05-09,2025-08-14,97
laundering_schema_7,laundering_schema_7_id49,2025-04-04,2025-05-14,40
laundering_schema_7,laundering_schema_7_id50,2025-03-16,2025-04-24,39
laundering_schema_7,laundering_schema_7_id51,2025-03-11,2025-06-19,100
laundering_schema_7,laundering_schema_7_id52,2025-07-25,2025-09-01,38
laundering_schema_7,laundering_schema_7_id53,2025-02-15,2025-03-26,39
laundering_schema_7,laundering_schema_7_id54,2025-01-01,2025-02-09,39
laundering_schema_7,laundering_schema_7_id56,2025-02-06,2025-04-17,70
laundering_schema_7,laundering_schema_7_id57,2025-01-24,2025-04-04,70
laundering_schema_7,laundering_schema_7_id59,2025-05-11,2025-05-16,5
laundering_schema_7,laundering_schema_7_id6,2025-01-21,2025-05-03,102
laundering_schema_7,laundering_schema_7_id60,2025-03-10,2025-07-19,131
laundering_schema_7,laundering_schema_7_id61,2025-05-07,2025-06-15,39
laundering_schema_7,laundering_schema_7_id62,2025-05-23,2025-07-02,40
laundering_schema_7,laundering_schema_7_id63,2025-02-24,2025-05-05,70
laundering_schema_7,laundering_schema_7_id64,2025-07-28,2025-09-03,37
laundering_schema_7,laundering_schema_7_id66,2025-05-28,2025-10-06,131
laundering_schema_7,laundering_schema_7_id67,2025-06-04,2025-09-11,99
laundering_schema_7,laundering_schema_7_id68,2025-07-02,2025-08-11,40
laundering_schema_7,laundering_schema_7_id69,2025-03-18,2025-07-28,132
laundering_schema_7,laundering_schema_7_id7,2025-02-09,2025-02-14,5
laundering_schema_7,laundering_schema_7_id70,2025-06-24,2025-11-04,133
laundering_schema_7,laundering_schema_7_id71,2025-04-29,2025-05-04,5
laundering_schema_7,laundering_schema_7_id73,2025-07-30,2025-09-07,39
laundering_schema_7,laundering_schema_7_id74,2025-05-17,2025-07-28,72
laundering_schema_7,laundering_schema_7_id75,2025-05-06,2025-05-11,5
laundering_schema_7,laundering_schema_7_id76,2025-05-16,2025-09-23,130
laundering_schema_7,laundering_schema_7_id78,2025-06-22,2025-10-28,128
laundering_schema_7,laundering_schema_7_id80,2025-06-15,2025-07-22,37
laundering_schema_7,laundering_schema_7_id82,2025-05-29,2025-07-07,39
laundering_schema_7,laundering_schema_7_id84,2025-03-20,2025-07-31,133
laundering_schema_7,laundering_schema_7_id85,2025-02-14,2025-04-27,72
laundering_schema_7,laundering_schema_7_id86,2025-01-22,2025-03-01,38
laundering_schema_7,laundering_schema_7_id87,2025-02-15,2025-02-20,5
laundering_schema_7,laundering_schema_7_id88,2025-07-06,2025-10-15,101
laundering_schema_7,laundering_schema_7_id89,2025-05-30,2025-10-10,133
laundering_schema_7,laundering_schema_7_id9,2025-06-05,2025-09-14,101
laundering_schema_7,laundering_schema_7_id90,2025-01-05,2025-01-10,5
laundering_schema_7,laundering_schema_7_id93,2025-03-29,2025-04-03,5
laundering_schema_7,laundering_schema_7_id94,2025-02-23,2025-05-30,96
laundering_schema_7,laundering_schema_7_id95,2025-03-28,2025-08-05,130
laundering_schema_7,laundering_schema_7_id96,2025-05-08,2025-07-18,71
laundering_schema_7,laundering_schema_7_id97,2025-05-28,2025-09-05,100
laundering_schema_7,laundering_schema_7_id98,2025-06-18,2025-06-23,5
laundering_schema_7,laundering_schema_7_id99,2025-06-05,2025-10-12,129
